Computer and Information Systems Managers,Access servers
Computer and Information Systems Managers,Computer servers
Computer and Information Systems Managers,Computer tool kits
Computer and Information Systems Managers,File servers
Computer and Information Systems Managers,Industry standard architecture/peripheral component interconnect ISA/PCI cards
Computer and Information Systems Managers,Inkjet printers
Computer and Information Systems Managers,Internet Information Services IIS Servers
Computer and Information Systems Managers,Laser facsimile machines
Computer and Information Systems Managers,Laser printers
Computer and Information Systems Managers,Mainframe computers
Computer and Information Systems Managers,Mid-range computers
Computer and Information Systems Managers,Minicomputers
Computer and Information Systems Managers,Netware servers
Computer and Information Systems Managers,Network analyzers
Computer and Information Systems Managers,Network interface cards NIC
Computer and Information Systems Managers,Network routers
Computer and Information Systems Managers,Network switches
Computer and Information Systems Managers,Personal computers
Computer and Information Systems Managers,Photocopiers
Computer and Information Systems Managers,Print servers
Computer and Information Systems Managers,Punchdown tools
Computer and Information Systems Managers,Robot automation tool
Computer and Information Systems Managers,Screwdrivers
Computer and Information Systems Managers,Storage servers
Computer and Information Systems Managers,Teleconferencing equipment
Computer and Information Systems Managers,Web servers
Computer and Information Systems Managers,Workstations
Computer and Information Systems Managers,ACT! software
Computer and Information Systems Managers,Adobe Systems Adobe Distiller
Computer and Information Systems Managers,Adobe Systems Adobe Flex
Computer and Information Systems Managers,Advanced business application programming ABAP
Computer and Information Systems Managers,AlphaFour software
Computer and Information Systems Managers,Apache Cassandra
Computer and Information Systems Managers,Apache Hadoop
Computer and Information Systems Managers,Apache Pig
Computer and Information Systems Managers,Apache Solr
Computer and Information Systems Managers,Apache Tomcat
Computer and Information Systems Managers,Apple Final Cut Pro
Computer and Information Systems Managers,Apple iMovie
Computer and Information Systems Managers,Apple iWork Keynote
Computer and Information Systems Managers,Apple iWork Numbers
Computer and Information Systems Managers,Apple iWork Pages
Computer and Information Systems Managers,Apple Macintosh OS/X
Computer and Information Systems Managers,Assembler
Computer and Information Systems Managers,Billing software
Computer and Information Systems Managers,Blackboard software
Computer and Information Systems Managers,Borland Paradox
Computer and Information Systems Managers,C
Computer and Information Systems Managers,C++
Computer and Information Systems Managers,CA Erwin Data Modeler
Computer and Information Systems Managers,Cisco Systems WAN Manager
Computer and Information Systems Managers,Citrix software
Computer and Information Systems Managers,Common business oriented language COBOL
Computer and Information Systems Managers,Corel Office Suite
Computer and Information Systems Managers,Customer information control system CCIS
Computer and Information Systems Managers,Dartware InterMapper
Computer and Information Systems Managers,Drupal
Computer and Information Systems Managers,Dynamic hypertext markup language DHTML
Computer and Information Systems Managers,Eclipse software
Computer and Information Systems Managers,Embarcadero Delphi
Computer and Information Systems Managers,Extensible HyperText Markup Language XHTML
Computer and Information Systems Managers,Extensible markup language XML
Computer and Information Systems Managers,Firewall software
Computer and Information Systems Managers,Ftp program software
Computer and Information Systems Managers,Google Analytics
Computer and Information Systems Managers,Help desk software
Computer and Information Systems Managers,Hewlett Packard HP-UX
Computer and Information Systems Managers,Human resource management software HRMS
Computer and Information Systems Managers,Hyperion software
Computer and Information Systems Managers,Hypertext markup language HTML
Computer and Information Systems Managers,IBM Cognos Impromptu
Computer and Information Systems Managers,IBM InfoSphere DataStage
Computer and Information Systems Managers,IBM iSeries Access
Computer and Information Systems Managers,IBM Power Systems software
Computer and Information Systems Managers,IBM WebSphere
Computer and Information Systems Managers,Infor ERP Baan
Computer and Information Systems Managers,iPlanet Web Server software
Computer and Information Systems Managers,JavaScript
Computer and Information Systems Managers,K2 Business Process Automation
Computer and Information Systems Managers,LAN software
Computer and Information Systems Managers,Langlais Computer Consultants CalMan
Computer and Information Systems Managers,Linux
Computer and Information Systems Managers,Linux-based email software
Computer and Information Systems Managers,Mac HelpMate
Computer and Information Systems Managers,McAfee software
Computer and Information Systems Managers,Microsoft .NET Framework
Computer and Information Systems Managers,Microsoft Access
Computer and Information Systems Managers,Microsoft Active Server Pages ASP
Computer and Information Systems Managers,Microsoft Business Contact Manager
Computer and Information Systems Managers,Microsoft Dynamics AX
Computer and Information Systems Managers,Microsoft Dynamics CRM
Computer and Information Systems Managers,Microsoft Dynamics GP
Computer and Information Systems Managers,Microsoft Dynamics NAV
Computer and Information Systems Managers,Microsoft Entourage
Computer and Information Systems Managers,Microsoft Excel
Computer and Information Systems Managers,Microsoft Exchange Server
Computer and Information Systems Managers,Microsoft Front Page
Computer and Information Systems Managers,Microsoft Internet Explorer
Computer and Information Systems Managers,Microsoft Office SharePoint Server MOSS
Computer and Information Systems Managers,Microsoft Office software
Computer and Information Systems Managers,Microsoft Outlook
Computer and Information Systems Managers,Microsoft PowerPoint
Computer and Information Systems Managers,Microsoft Project
Computer and Information Systems Managers,Microsoft SharePoint software
Computer and Information Systems Managers,Microsoft SQL Server Reporting Services SSRS
Computer and Information Systems Managers,Microsoft SQL Server software
Computer and Information Systems Managers,Microsoft Visio
Computer and Information Systems Managers,Microsoft Visual Basic
Computer and Information Systems Managers,Microsoft Visual Basic Scripting Edition VBScript
Computer and Information Systems Managers,Microsoft Visual FoxPro
Computer and Information Systems Managers,Microsoft Visual Studio
Computer and Information Systems Managers,Microsoft Windows Server
Computer and Information Systems Managers,Microsoft Word
Computer and Information Systems Managers,MicroStrategy software
Computer and Information Systems Managers,Mobile wireless network infrastructure software
Computer and Information Systems Managers,MongoDB
Computer and Information Systems Managers,MySQL software
Computer and Information Systems Managers,Nagios
Computer and Information Systems Managers,Netscape Navigator
Computer and Information Systems Managers,Node.js
Computer and Information Systems Managers,NoSQL software
Computer and Information Systems Managers,Novell network software
Computer and Information Systems Managers,Objective C
Computer and Information Systems Managers,Oracle Business Intelligence Enterprise Edition
Computer and Information Systems Managers,Oracle DBMS
Computer and Information Systems Managers,Oracle E-Business Suite
Computer and Information Systems Managers,Oracle E-Business Suite Financials
Computer and Information Systems Managers,Oracle Hyperion software
Computer and Information Systems Managers,Oracle Java
Computer and Information Systems Managers,Oracle JD Edwards EnterpriseOne
Computer and Information Systems Managers,Oracle PeopleSoft software
Computer and Information Systems Managers,Oracle PL/SQL
Computer and Information Systems Managers,Oracle Primavera Systems software
Computer and Information Systems Managers,Oracle Siebel Server Sync
Computer and Information Systems Managers,Oracle Solaris
Computer and Information Systems Managers,Oracle WebLogic Server
Computer and Information Systems Managers,Pegasus software
Computer and Information Systems Managers,Performance Solutions Technology ManagePro
Computer and Information Systems Managers,PHP: Hypertext Preprocessor
Computer and Information Systems Managers,Pilgrim Software Pilgrim SmartSolve software
Computer and Information Systems Managers,Plumtree software
Computer and Information Systems Managers,PostgreSQL software
Computer and Information Systems Managers,Practical extraction and reporting language Perl
Computer and Information Systems Managers,Progress OpenEdge ABL
Computer and Information Systems Managers,Progress OpenEdge Application Server
Computer and Information Systems Managers,Progress OpenEdge Fathom Replication software
Computer and Information Systems Managers,Progress Sonic ESB
Computer and Information Systems Managers,Progress WebSpeed Workshop
Computer and Information Systems Managers,Puppet
Computer and Information Systems Managers,Python
Computer and Information Systems Managers,Qlik Tech QlikView
Computer and Information Systems Managers,QUALCOMM Eudora
Computer and Information Systems Managers,R
Computer and Information Systems Managers,Red Hat Enterprise Linux
Computer and Information Systems Managers,Red Hat WildFly
Computer and Information Systems Managers,Relational database management software
Computer and Information Systems Managers,Ruby on Rails
Computer and Information Systems Managers,Samba
Computer and Information Systems Managers,SAP Business Objects software
Computer and Information Systems Managers,SAP BusinessObjects Crystal Reports
Computer and Information Systems Managers,SAS software
Computer and Information Systems Managers,SolarWinds software
Computer and Information Systems Managers,SOX COBIT
Computer and Information Systems Managers,Splunk Enterprise
Computer and Information Systems Managers,SPSS software
Computer and Information Systems Managers,StataCorp Stata
Computer and Information Systems Managers,Structured query language SQL
Computer and Information Systems Managers,Sybase software
Computer and Information Systems Managers,Symantec security software
Computer and Information Systems Managers,Symantec Veritas File System
Computer and Information Systems Managers,Symantec Veritas Volume Manager
Computer and Information Systems Managers,Tableau software
Computer Programmers,Computer servers
Computer Programmers,Desktop computers
Computer Programmers,Mainframe computers
Computer Programmers,Mainframe operating systems
Computer Programmers,Serial port cards
Computer Programmers,A programming language APL
Computer Programmers,ABC Compiler
Computer Programmers,ABC: the AspectBench Compiler for AspectJ
Computer Programmers,Ada
Computer Programmers,Adobe Systems Adobe Acrobat software
Computer Programmers,Adobe Systems Adobe ActionScript
Computer Programmers,Adobe Systems Adobe ColdFusion
Computer Programmers,Adobe Systems Adobe Dreamweaver
Computer Programmers,Adobe Systems Adobe Fireworks
Computer Programmers,Adobe Systems Adobe Flash
Computer Programmers,Adobe Systems Adobe Flex
Computer Programmers,Adobe Systems Adobe Illustrator
Computer Programmers,Adobe Systems Adobe Photoshop software
Computer Programmers,Adobe Systems Adobe PostScript
Computer Programmers,Advanced business application programming ABAP
Computer Programmers,Algorithmic language ALGOL
Computer Programmers,American National Standards Institute ANSI C
Computer Programmers,Apache Cassandra
Computer Programmers,Apache Hadoop
Computer Programmers,Apache HTTP Server
Computer Programmers,Apache Maven
Computer Programmers,Apache Pig
Computer Programmers,Apache Solr
Computer Programmers,Apache Struts
Computer Programmers,Apache Tomcat
Computer Programmers,Assembler
Computer Programmers,Asynchronous JavaScript and XML AJAX
Computer Programmers,AWK
Computer Programmers,B-Method
Computer Programmers,Basis BBx VisualPRO/5
Computer Programmers,Beginner's all-purpose symbolic instruction code BASIC
Computer Programmers,Bigloo Scheme
Computer Programmers,Bourne Shell
Computer Programmers,C
Computer Programmers,C#
Computer Programmers,C++
Computer Programmers,CA Erwin Data Modeler
Computer Programmers,Call-processing language CPL
Computer Programmers,Cascading Style Sheets CSS
Computer Programmers,CAST SQL Builder
Computer Programmers,Citrix software
Computer Programmers,Clipper
Computer Programmers,Code generator software
"Software Developers, Applications",Apache Maven
"Software Developers, Applications",Apache Pig
"Software Developers, Applications",Apache Solr
"Software Developers, Applications",Apache Struts
"Software Developers, Applications",Apache Tomcat
"Software Developers, Applications",Apple Final Cut Pro
